{"_wandb":{"runtime":31},"batch_loss":0.3806639015674591,"_timestamp":1.730421950463131e+09,"_runtime":31.793399507,"_step":166}